{"startTime": 1698912424.589629, "endTime": 1698912424.589629, "fps": -1, "blendshapes": {"_neutral": [6.992992780396889e-07], "browDownLeft": [0.0030220041517168283], "browDownRight": [0.0022403020411729813], "browInnerUp": [0.21188236773014069], "browOuterUpLeft": [0.23132586479187012], "browOuterUpRight": [0.19095151126384735], "cheekPuff": [6.617766757699428e-06], "cheekSquintLeft": [1.5593519719914184e-07], "cheekSquintRight": [1.8191592232597031e-07], "eyeBlinkLeft": [0.06100393459200859], "eyeBlinkRight": [0.030157053843140602], "eyeLookDownLeft": [0.05736919492483139], "eyeLookDownRight": [0.06045291945338249], "eyeLookInLeft": [0.06804311275482178], "eyeLookInRight": [0.07334662973880768], "eyeLookOutLeft": [0.0651237890124321], "eyeLookOutRight": [0.04417676106095314], "eyeLookUpLeft": [0.14114505052566528], "eyeLookUpRight": [0.14592748880386353], "eyeSquintLeft": [0.24398037791252136], "eyeSquintRight": [0.13692660629749298], "eyeWideLeft": [0.011661152355372906], "eyeWideRight": [0.013528559356927872], "jawForward": [4.012505814898759e-05], "jawLeft": [0.0007697960827499628], "jawOpen": [0.0028194270562380552], "jawRight": [4.010811244370416e-05], "mouthClose": [0.0013544829562306404], "mouthDimpleLeft": [0.01155717484652996], "mouthDimpleRight": [0.001367285382002592], "mouthFrownLeft": [3.290736276539974e-05], "mouthFrownRight": [4.856962914345786e-05], "mouthFunnel": [0.00490849232301116], "mouthLeft": [0.0017438541399315], "mouthLowerDownLeft": [0.00014092554920352995], "mouthLowerDownRight": [0.00022011451073922217], "mouthPressLeft": [0.018946301192045212], "mouthPressRight": [0.005235458258539438], "mouthPucker": [0.2433653324842453], "mouthRight": [0.004263244103640318], "mouthRollLower": [0.002624852815642953], "mouthRollUpper": [0.0017920017708092928], "mouthShrugLower": [0.009682792238891125], "mouthShrugUpper": [0.022672606632113457], "mouthSmileLeft": [0.0004809173406101763], "mouthSmileRight": [0.0003566303348634392], "mouthStretchLeft": [0.000427937920903787], "mouthStretchRight": [0.0008127754554152489], "mouthUpperUpLeft": [0.00029494616319425404], "mouthUpperUpRight": [0.00022202753461897373], "noseSneerLeft": [3.1450049391423818e-06], "noseSneerRight": [1.6428656124389818e-07]}}